Voltage_measured,Voltage_charge,Current_charge,Current_measured,Temperature_measured,Time
0.979649961435542,-0.007,0,-0.00515728903268036,22.9844331560497,0
-0.00142215653841049,-0.007,-0.001,-0.00132589786837741,22.9840994753582,2.547
4.98508893643415,4.996,0,0.000203315059531785,22.9861480262061,5.5
4.98534527746033,4.996,-0.001,0.000329425612437477,22.9946247370774,8.312
4.1860104208294,4.192,-0.001,-0.00106244802710558,22.9906767994446,12.656
