Voltage_measured,Voltage_charge,Current_charge,Current_measured,Temperature_measured,Time
0.762597369595089,0.002,-0.0006,-0.00268660456358335,23.0848455881443,0
0.00293170987688315,0.002,0,-0.00277593485261317,23.0874213264843,2.547
4.98682076856491,4.998,-0.0006,-0.00309053197973947,23.0892210918433,5.5
4.98717995654467,4.998,-0.0006,-0.00108411307895064,23.0850370463412,8.312
4.20783806021567,4.225,-0.0006,-0.00187090755833601,23.0930825993812,12.656
