Voltage_measured,Voltage_charge,Current_charge,Current_measured,Temperature_measured,Time
0.236356184152679,0.003,0,-0.00348442627618414,23.3720475048121,0
0.00336524422388181,0.003,0,-0.00149573390003958,23.369433909575,2.547
4.98513696564046,5.002,0,0.00050560825353359,23.3865354228732,5.5
4.98472045064886,5.002,-0.002,0.000441775050066125,23.3869832569363,8.312
4.21343968400049,4.229,-0.002,-0.000733659394197854,23.3850609762733,12.656
